{

    "charge": {
        "x": [0, 0.01147179, 0.09848353, 0.25, 1] ,
        "y": [0, 129193.663, 325214.221, 500000, 500000]
    },
    "discharge": {
        "x": [0, 0.01147179, 0.09848353, 0.25, 1] ,
        "y": [0, 129193.663, 325214.221, 500000, 500000]
    },
    "mass": 0.50,
    "capacity": 3.50
}