{
    "mass": 287,
    "max_force": 289,
    "max_power": 3144,
    "pwa": [
        [
            0.0,
            59.16521171535737,
            121.1163891202387,
            311.3055421347059,
            799.9751535542065
        ],
        [
            288992.1673403824,
            289000,
            191151.7488018946,
            119238.41497914046,
            74384.04524073805
        ]
    ],
    "davis_a": 3.48,
    "davis_b": 0.0388888889,
    "davis_c": 0.0007716049
}
