{
    "r_tn": 0.46,
    "rho": 0.06,
    "eta_b": 0.9,
    "eta_n": 0.81,
    "a_max": 1.2,
    "v_max": 40,
    "mu": 200000,
    "area": 180,
    "pwa_v_E": [
        [
            0.0,
            2.764216222083121,
            63.671685273742355,
            287.43307032975565,
            799.9600005000001
        ],
        [
            2.5761547194422862e-14,
            3.3736211655508597,
            12.10905622945965,
            24.672388518812873,
            40.63348374841133
        ]
    ],
    "pwa_1/v_E": [
        [
            5e-07,
            0.00015205,
            4.7,
            28,
            280.134,
            800
        ],
        [
            1000,
            1.2353,
            0.26,
            0.1283,
            0.0395741061587183,
            0.02506459819129511
        ]
    ],
    "comments": "r_tn为隧道附加阻力系数；rho为转动系数；eta_b为电池传输效率；eta_n为电网传输效率；mass为列车重量（吨）；a_max为最大加速度（m/s^2）；v_max为最大速度（m/s）；mu为辅助能耗（W/s）；max_force为最大牵引力和最大制动力（kN）；max_power为最大功率（kW）；davis_a、davis_b、davis_c为Davis公式三个系数，分别为速度的0、1、2次项，单位为（kN/（m/s））；pwa_v_E为v（m/s）对E（0.5v**2）的分段线性近似分段点坐标；"
}