{
    "mass": 176,
    "max_force": 200,
    "max_power": 5000,
    "pwa": [
        [
            0.0,
            312.5001985817371,
            403.76498731296886,
            568.2944437441378,
            799.9000000001108
        ],
        [
            200000.000,
            199999.99999999994,
            174729.91793437736,
            147217.1551257761,
            124106.88338129823
        ]
    ],
    "davis_a": 2.0895,
    "davis_b": 0.0098,
    "davis_c": 0.0065
}
