{
    "mass": 176,
    "max_force": 310,
    "max_power": 4000,
    "pwa": [
        [
            0.0,
            83.2318460562908,
            155.67883404455884,
            353.05372051581463,
            799.9466181060986
        ],
        [
            309990.58033854933,
            310000,
            217458.01594778794,
            144400.69768684512,
            95940.73243152186
        ]
    ],
    "davis_a": 2.0895,
    "davis_b": 0.0098,
    "davis_c": 0.0065
}
